date,ticker,price,score,signal,var5,rsi14,rvol
2026-10-05,TSLA,378.73,90,ACHAT,5.95,63.5,1.11
2026-10-05,MSFT,525.18,80,ACHAT,3.13,68.3,1.25
2026-10-05,META,741.9,80,ACHAT,3.67,63.6,0.64
2026-10-05,VLO,419.33,80,ACHAT,7.64,60.6,0.64
2026-10-05,AMZN,251.4,75,SURVEILLANCE,2.13,54.2,1.12
2026-10-05,GOOGL,346.47,65,SURVEILLANCE,1.09,51.3,0.94
2026-10-05,AAPL,332.89,55,SURVEILLANCE,-1.63,51.9,0.81
2026-10-05,SAF.PA,329.8,55,SURVEILLANCE,-0.96,57.3,0.7
2026-10-05,STDN,13.01,55,SURVEILLANCE,12.84,55.4,0.48
2026-10-05,NVDA,238.9,40,SURCHAUFFE,4.39,84.6,1.16
2026-10-05,SPXC,176.8,35,AUCUN SIGNAL,3.93,46.9,1.69
2026-10-05,ASML.AS,1656.2,30,SURCHAUFFE,7.76,94.5,0.94
2026-10-05,SU,68.77,15,AUCUN SIGNAL,0.0,37.9,0.9
2026-10-05,AIR.PA,189.08,0,AUCUN SIGNAL,-2.08,36.6,1.2
2026-10-05,TTE,84.37,0,FAIBLESSE FORTE,-5.51,20.9,1.59
2026-10-06,AMZN,256.29,80,ACHAT,3.9,63.7,0.96
2026-10-06,TSLA,380.68,80,ACHAT,7.89,63.7,0.75
2026-10-06,GOOGL,347.68,65,SURVEILLANCE,1.98,54.2,0.68
2026-10-06,META,738.88,65,SURVEILLANCE,0.01,62.4,0.53
2026-10-06,AAPL,333.63,65,SURVEILLANCE,1.28,51.5,0.73
2026-10-06,STDN,15.19,65,SURVEILLANCE,26.37,71.0,2.46
2026-10-06,SAF.PA,329.4,55,SURVEILLANCE,-1.7,53.2,0.76
2026-10-06,VLO,419.22,55,SURVEILLANCE,8.12,58.0,0.48
2026-10-06,NVDA,239.24,30,SURCHAUFFE,5.29,84.0,0.93
2026-10-06,MSFT,529.3,30,SURCHAUFFE,4.0,76.3,0.97
2026-10-06,ASML.AS,1636.4,15,SURVEILLANCE HAUTE,2.2,88.3,0.81
2026-10-06,AIR.PA,188.0,0,AUCUN SIGNAL,-1.3,30.3,0.71
2026-10-06,TTE,83.98,0,AUCUN SIGNAL,-3.12,24.4,2.58
2026-10-06,SU,68.22,0,AUCUN SIGNAL,1.05,46.5,0.69
2026-10-06,SPXC,175.82,0,AUCUN SIGNAL,3.04,44.3,1.05
