RetrievedAtUTC,Ticker,Source,Query,WindowHours,RawItems,RecentItems,Status,Message
2026-10-10T17:31:25+00:00,AIR.PA,YAHOO_FINANCE,AIR.PA,24,0,0,OK,
2026-10-10T17:31:25+00:00,AIR.PA,YAHOO_FINANCE,Airbus,24,20,3,OK,
2026-10-10T17:31:25+00:00,AIR.PA,YAHOO_FINANCE,Airbus SE,24,20,3,OK,
2026-10-10T17:31:25+00:00,AIR.PA,YAHOO_FINANCE,AIR.PA,168,0,0,OK,
2026-10-10T17:31:25+00:00,AIR.PA,YAHOO_FINANCE,Airbus,168,20,19,OK,
2026-10-10T17:31:25+00:00,AIR.PA,YAHOO_FINANCE,Airbus SE,168,20,19,OK,
2026-10-10T17:31:25+00:00,AIR.PA,AIRBUS_OFFICIAL_RSS,https://www.airbus.com/en/rss-press-releases-feeds,24,0,0,OK,
2026-10-10T17:31:25+00:00,ASML.AS,YAHOO_FINANCE,ASML.AS,24,0,0,OK,
2026-10-10T17:31:25+00:00,ASML.AS,YAHOO_FINANCE,ASML,24,20,6,OK,
2026-10-10T17:31:25+00:00,ASML.AS,YAHOO_FINANCE,ASML Holding,24,20,6,OK,
2026-10-10T17:31:25+00:00,ASML.AS,YAHOO_FINANCE,ASML.AS,168,0,0,OK,
2026-10-10T17:31:25+00:00,ASML.AS,YAHOO_FINANCE,ASML,168,20,20,OK,
2026-10-10T17:31:25+00:00,ASML.AS,YAHOO_FINANCE,ASML Holding,168,20,20,OK,
2026-10-10T17:31:25+00:00,ASML.AS,OFFICIAL_HTML,https://www.investor.asml.com/news/press-releases-and-announcements,24,0,0,OK,
2026-10-10T17:31:25+00:00,ASML.AS,OFFICIAL_HTML,https://www.investor.asml.com/news/press-releases-and-announcements,168,0,0,OK,
2026-10-10T17:31:25+00:00,SAF.PA,YAHOO_FINANCE,SAF.PA,24,0,0,OK,
2026-10-10T17:31:25+00:00,SAF.PA,YAHOO_FINANCE,Safran,24,20,0,OK,
2026-10-10T17:31:25+00:00,SAF.PA,YAHOO_FINANCE,Safran SA,24,20,0,OK,
2026-10-10T17:31:25+00:00,SAF.PA,YAHOO_FINANCE,SAF.PA,168,0,0,OK,
2026-10-10T17:31:25+00:00,SAF.PA,YAHOO_FINANCE,Safran,168,20,2,OK,
2026-10-10T17:31:25+00:00,SAF.PA,YAHOO_FINANCE,Safran SA,168,20,2,OK,
2026-10-10T17:31:25+00:00,SAF.PA,OFFICIAL_HTML,https://www.safran-group.com/pressroom,24,0,0,OK,
2026-10-10T17:31:25+00:00,SAF.PA,OFFICIAL_HTML,https://www.safran-group.com/pressroom,168,0,0,OK,
